lags,train_cross_entropy_mean,train_cross_entropy_std,train_cross_entropy_fold_1,train_cross_entropy_fold_2,train_cross_entropy_fold_3,train_cross_entropy_fold_4,train_cross_entropy_fold_5,train_roc_auc_multiclass_mean,train_roc_auc_multiclass_std,train_roc_auc_multiclass_fold_1,train_roc_auc_multiclass_fold_2,train_roc_auc_multiclass_fold_3,train_roc_auc_multiclass_fold_4,train_roc_auc_multiclass_fold_5,val_cross_entropy_mean,val_cross_entropy_std,val_cross_entropy_fold_1,val_cross_entropy_fold_2,val_cross_entropy_fold_3,val_cross_entropy_fold_4,val_cross_entropy_fold_5,val_roc_auc_multiclass_mean,val_roc_auc_multiclass_std,val_roc_auc_multiclass_fold_1,val_roc_auc_multiclass_fold_2,val_roc_auc_multiclass_fold_3,val_roc_auc_multiclass_fold_4,val_roc_auc_multiclass_fold_5,test_cross_entropy_mean,test_cross_entropy_std,test_cross_entropy_fold_1,test_cross_entropy_fold_2,test_cross_entropy_fold_3,test_cross_entropy_fold_4,test_cross_entropy_fold_5,test_roc_auc_multiclass_mean,test_roc_auc_multiclass_std,test_roc_auc_multiclass_fold_1,test_roc_auc_multiclass_fold_2,test_roc_auc_multiclass_fold_3,test_roc_auc_multiclass_fold_4,test_roc_auc_multiclass_fold_5,num_epochs_mean,num_epochs_std,num_epochs_fold_1,num_epochs_fold_2,num_epochs_fold_3,num_epochs_fold_4,num_epochs_fold_5
0,1.106634239355723,0.0818322993806402,1.0556305448214214,1.086542268594106,1.0722362001736958,1.0504547953605652,1.268307387828827,0.5015103127403368,0.0046556017682362,0.4995105597455083,0.5020069688121565,0.5101604857645972,0.4993082006045597,0.4965653487748622,1.1093024015426636,0.1014739274978637,1.0585654377937317,1.0585654377937317,1.0585654377937317,1.0585654377937317,1.3122502565383911,0.5,0.0,0.5,0.5,0.5,0.5,0.5,1.0900044083595275,0.0938041517712801,1.0252001881599426,1.0455142855644226,1.0446088910102844,1.0582807660102844,1.276417911052704,0.5,0.0,0.5,0.5,0.5,0.5,0.5,1.0,0.0,1,1,1,1,1
150,1.0882661720116933,0.0755700507984835,1.238881488641103,1.049742082754771,1.060088038444519,1.040377805630366,1.0522414445877075,0.4983282338703194,0.0035310773474332,0.5047632190494554,0.499074776735721,0.4965919709634537,0.4944795216926925,0.4967316809102746,1.1106656312942504,0.1043427811416736,1.319351077079773,1.0585654377937317,1.0585654377937317,1.0585654377937317,1.0582807660102844,0.5,0.0,0.5,0.5,0.5,0.5,0.5,1.101659905910492,0.1000142369772825,1.3013301491737366,1.0455142855644226,1.0446088910102844,1.0582807660102844,1.0585654377937317,0.5,0.0,0.5,0.5,0.5,0.5,0.5,1.0,0.0,1,1,1,1,1
