lags,train_bce_mean,train_bce_std,train_bce_fold_1,train_bce_fold_2,train_bce_fold_3,train_bce_fold_4,train_bce_fold_5,train_roc_auc_mean,train_roc_auc_std,train_roc_auc_fold_1,train_roc_auc_fold_2,train_roc_auc_fold_3,train_roc_auc_fold_4,train_roc_auc_fold_5,val_bce_mean,val_bce_std,val_bce_fold_1,val_bce_fold_2,val_bce_fold_3,val_bce_fold_4,val_bce_fold_5,val_roc_auc_mean,val_roc_auc_std,val_roc_auc_fold_1,val_roc_auc_fold_2,val_roc_auc_fold_3,val_roc_auc_fold_4,val_roc_auc_fold_5,test_bce_mean,test_bce_std,test_bce_fold_1,test_bce_fold_2,test_bce_fold_3,test_bce_fold_4,test_bce_fold_5,test_roc_auc_mean,test_roc_auc_std,test_roc_auc_fold_1,test_roc_auc_fold_2,test_roc_auc_fold_3,test_roc_auc_fold_4,test_roc_auc_fold_5,num_epochs_mean,num_epochs_std,num_epochs_fold_1,num_epochs_fold_2,num_epochs_fold_3,num_epochs_fold_4,num_epochs_fold_5
0,25.460895800590514,0.0724433912993991,25.448188215494156,25.430016219615936,25.43277996778488,25.60106420516968,25.392430394887924,0.4892077477758646,0.010642178546814,0.4820397512769265,0.4799245024021963,0.4897629310344827,0.4848661384703018,0.5094454156954157,50.000003814697266,0.0,50.000003814697266,50.000003814697266,50.000003814697266,50.000003814697266,50.000003814697266,0.5,0.0,0.5,0.5,0.5,0.5,0.5,50.000003814697266,0.0,50.000003814697266,50.000003814697266,50.000003814697266,50.000003814697266,50.000003814697266,0.5,0.0,0.5,0.5,0.5,0.5,0.5,1.0,0.0,1,1,1,1,1
150,25.450044989585876,0.0734813056529512,25.530473828315735,25.523487210273743,25.36616423726082,25.46819892525673,25.361900746822357,0.5215050191606868,0.0335485818369719,0.5383937767658697,0.4688095238095238,0.5587733477011494,0.496530720338983,0.5450177271879082,50.000003814697266,0.0,50.000003814697266,50.000003814697266,50.000003814697266,50.000003814697266,50.000003814697266,0.5,0.0,0.5,0.5,0.5,0.5,0.5,50.000003814697266,0.0,50.000003814697266,50.000003814697266,50.000003814697266,50.000003814697266,50.000003814697266,0.5,0.0,0.5,0.5,0.5,0.5,0.5,1.0,0.0,1,1,1,1,1
