lags,train_bce_mean,train_bce_std,train_bce_fold_1,train_bce_fold_2,train_bce_fold_3,train_bce_fold_4,train_bce_fold_5,train_roc_auc_mean,train_roc_auc_std,train_roc_auc_fold_1,train_roc_auc_fold_2,train_roc_auc_fold_3,train_roc_auc_fold_4,train_roc_auc_fold_5,val_bce_mean,val_bce_std,val_bce_fold_1,val_bce_fold_2,val_bce_fold_3,val_bce_fold_4,val_bce_fold_5,val_roc_auc_mean,val_roc_auc_std,val_roc_auc_fold_1,val_roc_auc_fold_2,val_roc_auc_fold_3,val_roc_auc_fold_4,val_roc_auc_fold_5,test_bce_mean,test_bce_std,test_bce_fold_1,test_bce_fold_2,test_bce_fold_3,test_bce_fold_4,test_bce_fold_5,test_roc_auc_mean,test_roc_auc_std,test_roc_auc_fold_1,test_roc_auc_fold_2,test_roc_auc_fold_3,test_roc_auc_fold_4,test_roc_auc_fold_5,num_epochs_mean,num_epochs_std,num_epochs_fold_1,num_epochs_fold_2,num_epochs_fold_3,num_epochs_fold_4,num_epochs_fold_5
0,41.81760444442431,0.0258548455776294,41.809903264045715,41.80859820048014,41.8032419582208,41.86858650048574,41.79769229888916,0.505224773584936,0.0027062750604225,0.50354899417614,0.5041860826343585,0.5051808894692372,0.5104069971326609,0.5028009045122829,50.00000076293945,9.344061823971474e-07,50.0,50.00000190734863,50.0,50.00000190734863,50.0,0.5,0.0,0.5,0.5,0.5,0.5,0.5,49.99999885559082,1.52587890625e-06,50.0,49.99999809265137,49.999996185302734,50.0,50.0,0.5,0.0,0.5,0.5,0.5,0.5,0.5,1.0,0.0,1,1,1,1,1
150,41.81929385662079,0.0172765570507539,41.84285819530487,41.832538525263466,41.80019995570183,41.821395506461464,41.799477100372314,0.4994433630942388,0.0036354359630072,0.4973079943783069,0.4982938218390804,0.5023342563270967,0.5047278973982546,0.4945528455284553,50.000000381469725,7.629394531249999e-07,50.00000190734863,50.0,50.0,50.0,50.0,0.5,0.0,0.5,0.5,0.5,0.5,0.5,49.99999923706055,1.52587890625e-06,50.0,50.0,49.999996185302734,50.0,50.0,0.5,0.0,0.5,0.5,0.5,0.5,0.5,1.0,0.0,1,1,1,1,1
