lags,train_bce_mean,train_bce_std,train_bce_fold_1,train_bce_fold_2,train_bce_fold_3,train_bce_fold_4,train_bce_fold_5,train_roc_auc_mean,train_roc_auc_std,train_roc_auc_fold_1,train_roc_auc_fold_2,train_roc_auc_fold_3,train_roc_auc_fold_4,train_roc_auc_fold_5,val_bce_mean,val_bce_std,val_bce_fold_1,val_bce_fold_2,val_bce_fold_3,val_bce_fold_4,val_bce_fold_5,val_roc_auc_mean,val_roc_auc_std,val_roc_auc_fold_1,val_roc_auc_fold_2,val_roc_auc_fold_3,val_roc_auc_fold_4,val_roc_auc_fold_5,test_bce_mean,test_bce_std,test_bce_fold_1,test_bce_fold_2,test_bce_fold_3,test_bce_fold_4,test_bce_fold_5,test_roc_auc_mean,test_roc_auc_std,test_roc_auc_fold_1,test_roc_auc_fold_2,test_roc_auc_fold_3,test_roc_auc_fold_4,test_roc_auc_fold_5,num_epochs_mean,num_epochs_std,num_epochs_fold_1,num_epochs_fold_2,num_epochs_fold_3,num_epochs_fold_4,num_epochs_fold_5
0,0.9267781496047972,0.1852593172697844,0.8494822382926941,0.8551909923553467,0.8458822965621948,1.2942169904708862,0.789118230342865,0.4999321895480535,0.0410662129777988,0.5499874770412423,0.5327968227424749,0.4762331838565022,0.4347453911518467,0.5058980729482013,50.000003051757815,2.8546580404464272e-06,50.000003814697266,50.0,50.000003814697266,50.0,50.00000762939453,0.5,0.0,0.5,0.5,0.5,0.5,0.5,49.99999923706055,3.7376247295885895e-06,49.99999237060547,50.0,50.0,50.0,50.000003814697266,0.5,0.0,0.5,0.5,0.5,0.5,0.5,1.0,0.0,1,1,1,1,1
150,0.9198768138885498,0.1213709397494575,1.01500141620636,1.0871433019638062,0.7719197869300842,0.9266476631164552,0.7986719012260437,0.5167631957854706,0.1046853982706233,0.6995742194022374,0.3842391304347826,0.5286265512566483,0.5151888427250141,0.4561872351086707,50.000003814697266,2.412626388678268e-06,50.0,50.000003814697266,50.000003814697266,50.000003814697266,50.00000762939453,0.5,0.0,0.5,0.5,0.5,0.5,0.5,50.00000228881836,3.0517578125e-06,50.0,50.0,50.0,50.00000762939453,50.000003814697266,0.5,0.0,0.5,0.5,0.5,0.5,0.5,1.0,0.0,1,1,1,1,1
